,Pclass,Sex,Age,SibSp,Parch,Fare,Embarked_C,Embarked_Q,Embarked_S,Label,Score
0,0.873481905063612,0.7559289460184545,0.38623104829163113,-0.49947001653571804,-0.40024770163856355,-0.4978105183601161,-0.5681415405746902,2.8437574653509277,-1.3506755066722447,0,0.3238
1,0.873481905063612,-1.3228756555322954,1.3713700413713346,0.6169923733676517,-0.40024770163856355,-0.5126599554690081,-0.5681415405746902,-0.35164742851113623,0.7403702777314525,0,0.1375
2,-0.3158191904301659,0.7559289460184545,2.5535368330669788,-0.49947001653571804,-0.40024770163856355,-0.46453180516733505,-0.5681415405746902,2.8437574653509277,-1.3506755066722447,1,0.5624
3,0.873481905063612,0.7559289460184545,-0.2048523475561909,-0.49947001653571804,-0.40024770163856355,-0.4828876578405313,-0.5681415405746902,-0.35164742851113623,0.7403702777314525,1,0.8565
4,0.873481905063612,-1.3228756555322954,-0.5989079447880722,0.6169923733676517,0.6198958305865556,-0.4179706178987396,-0.5681415405746902,-0.35164742851113623,0.7403702777314525,1,0.7375
5,0.873481905063612,0.7559289460184545,-1.2293969003590823,-0.49947001653571804,-0.40024770163856355,-0.4728143240564602,-0.5681415405746902,-0.35164742851113623,0.7403702777314525,1,0.6953
6,0.873481905063612,-1.3228756555322954,0.031581010782937916,-0.49947001653571804,-0.40024770163856355,-0.5013921481500081,-0.5681415405746902,2.8437574653509277,-1.3506755066722447,1,0.658
7,-0.3158191904301659,0.7559289460184545,-0.28366346700256717,0.6169923733676517,0.6198958305865556,-0.11868067858089343,-0.5681415405746902,-0.35164742851113623,0.7403702777314525,1,0.9697
8,0.873481905063612,-1.3228756555322954,-0.9141524225735773,-0.49947001653571804,-0.40024770163856355,-0.508555407729792,1.760124772760805,-0.35164742851113623,-1.3506755066722447,1,0.8772
9,0.873481905063612,0.7559289460184545,-0.6777190642344485,1.7334547632710213,-0.40024770163856355,-0.2055352009857733,-0.5681415405746902,-0.35164742851113623,0.7403702777314525,1,0.5899
10,0.873481905063612,0.7559289460184545,-0.2048523475561909,-0.49947001653571804,-0.40024770163856355,-0.49661783564008205,-0.5681415405746902,-0.35164742851113623,0.7403702777314525,1,0.9918
11,-1.5051202859239436,0.7559289460184545,1.2925589219249582,-0.49947001653571804,-0.40024770163856355,-0.1724051254292727,-0.5681415405746902,-0.35164742851113623,0.7403702777314525,1,0.816
12,-1.5051202859239436,-1.3228756555322954,-0.520096825341696,0.6169923733676517,-0.40024770163856355,0.8352273190652948,-0.5681415405746902,-0.35164742851113623,0.7403702777314525,1,0.9759
13,-0.3158191904301659,0.7559289460184545,2.632347952513355,0.6169923733676517,-0.40024770163856355,-0.1724051254292727,-0.5681415405746902,-0.35164742851113623,0.7403702777314525,1,0.9292
14,-1.5051202859239436,-1.3228756555322954,1.3713700413713346,0.6169923733676517,-0.40024770163856355,0.4575140138679743,-0.5681415405746902,-0.35164742851113623,0.7403702777314525,1,0.9905
15,-0.3158191904301659,-1.3228756555322954,-0.4412857058953197,0.6169923733676517,-0.40024770163856355,-0.14158878271704234,1.760124772760805,-0.35164742851113623,-1.3506755066722447,1,0.9256
16,-0.3158191904301659,0.7559289460184545,0.4256366080148193,-0.49947001653571804,-0.40024770163856355,-0.4168513585893984,-0.5681415405746902,2.8437574653509277,-1.3506755066722447,1,0.9379
17,0.873481905063612,0.7559289460184545,-0.6777190642344485,-0.49947001653571804,-0.40024770163856355,-0.5086306219553797,1.760124772760805,-0.35164742851113623,-1.3506755066722447,1,0.9233
18,0.873481905063612,-1.3228756555322954,-0.2048523475561909,0.6169923733676517,-0.40024770163856355,-0.49609491769075786,-0.5681415405746902,-0.35164742851113623,0.7403702777314525,1,0.9856
19,0.873481905063612,-1.3228756555322954,1.213747802478582,-0.49947001653571804,-0.40024770163856355,-0.5086306219553797,1.760124772760805,-0.35164742851113623,-1.3506755066722447,0,0.1747
20,-1.5051202859239436,0.7559289460184545,2.0018589969423446,0.6169923733676517,-0.40024770163856355,0.42572704948268325,1.760124772760805,-0.35164742851113623,-1.3506755066722447,1,0.992
21,0.873481905063612,0.7559289460184545,-1.6234524975909637,-0.49947001653571804,0.6198958305865556,-0.5812338394262795,-0.5681415405746902,-0.35164742851113623,0.7403702777314525,1,0.9161
22,-1.5051202859239436,-1.3228756555322954,-0.2048523475561909,-0.49947001653571804,-0.40024770163856355,-0.07062774250480806,-0.5681415405746902,-0.35164742851113623,0.7403702777314525,1,0.9586
23,-1.5051202859239436,0.7559289460184545,-0.6777190642344485,-0.49947001653571804,0.6198958305865556,0.46117085788345397,1.760124772760805,-0.35164742851113623,-1.3506755066722447,1,0.9887
24,-1.5051202859239436,-1.3228756555322954,1.4501811608177106,0.6169923733676517,2.6601828950367943,4.060633582499278,1.760124772760805,-0.35164742851113623,-1.3506755066722447,1,0.924
25,0.873481905063612,0.7559289460184545,1.6078033997104633,0.6169923733676517,-0.40024770163856355,-0.37834883834805993,-0.5681415405746902,-0.35164742851113623,0.7403702777314525,1,0.5117
26,-1.5051202859239436,-1.3228756555322954,-0.5989079447880722,-0.49947001653571804,0.6198958305865556,0.47191574725312985,1.760124772760805,-0.35164742851113623,-1.3506755066722447,1,0.9961
27,0.873481905063612,0.7559289460184545,-0.5595023850648841,-0.49947001653571804,-0.40024770163856355,-0.5086306219553797,1.760124772760805,-0.35164742851113623,-1.3506755066722447,1,0.9732
28,-1.5051202859239436,0.7559289460184545,0.8985033246930769,-0.49947001653571804,-0.40024770163856355,-0.09181845515670378,-0.5681415405746902,-0.35164742851113623,0.7403702777314525,1,0.8749
29,0.873481905063612,0.7559289460184545,-0.2048523475561909,1.7334547632710213,-0.40024770163856355,-0.24978265541009842,1.760124772760805,-0.35164742851113623,-1.3506755066722447,1,0.9189
30,-0.3158191904301659,0.7559289460184545,1.6078033997104633,0.6169923733676517,-0.40024770163856355,-0.1724051254292727,-0.5681415405746902,-0.35164742851113623,0.7403702777314525,1,0.919
31,-0.3158191904301659,0.7559289460184545,-0.4412857058953197,1.7334547632710213,-0.40024770163856355,-0.07391030620724402,-0.5681415405746902,-0.35164742851113623,0.7403702777314525,1,0.9092
32,0.873481905063612,-1.3228756555322954,0.2680143691220667,0.6169923733676517,1.640039362811675,-0.2695568334800919,-0.5681415405746902,-0.35164742851113623,0.7403702777314525,1,0.6689
33,0.873481905063612,-1.3228756555322954,-0.2048523475561909,0.6169923733676517,1.640039362811675,-0.2180709052503951,-0.5681415405746902,-0.35164742851113623,0.7403702777314525,0,0.2596
34,-1.5051202859239436,0.7559289460184545,0.031581010782937916,0.6169923733676517,-0.40024770163856355,0.39617860371607466,1.760124772760805,-0.35164742851113623,-1.3506755066722447,1,0.9843
35,0.873481905063612,0.7559289460184545,-0.8747468628503892,-0.49947001653571804,-0.40024770163856355,-0.508555407729792,1.760124772760805,-0.35164742851113623,-1.3506755066722447,1,0.8377
36,0.873481905063612,-1.3228756555322954,-0.2048523475561909,-0.49947001653571804,-0.40024770163856355,-0.4938563990720754,-0.5681415405746902,-0.35164742851113623,0.7403702777314525,1,0.9923
37,0.873481905063612,-1.3228756555322954,-0.6777190642344485,-0.49947001653571804,-0.40024770163856355,-0.4828876578405313,-0.5681415405746902,-0.35164742851113623,0.7403702777314525,0,0.489
38,0.873481905063612,0.7559289460184545,-0.3624745864489434,-0.49947001653571804,-0.40024770163856355,-0.4678895830953587,-0.5681415405746902,-0.35164742851113623,0.7403702777314525,0,0.0801
39,0.873481905063612,0.7559289460184545,-0.2048523475561909,-0.49947001653571804,-0.40024770163856355,0.3737182033036623,-0.5681415405746902,-0.35164742851113623,0.7403702777314525,1,0.909
40,0.873481905063612,0.7559289460184545,0.7408810858003243,-0.49947001653571804,0.6198958305865556,-0.3977487361050097,1.760124772760805,-0.35164742851113623,-1.3506755066722447,0,0.1511
41,-1.5051202859239436,0.7559289460184545,-0.2048523475561909,-0.49947001653571804,-0.40024770163856355,-0.16255564350706983,-0.5681415405746902,-0.35164742851113623,0.7403702777314525,1,0.9792
42,0.873481905063612,0.7559289460184545,0.8985033246930769,-0.49947001653571804,-0.40024770163856355,-0.4974380288619673,-0.5681415405746902,-0.35164742851113623,0.7403702777314525,0,0.1131
43,-0.3158191904301659,-1.3228756555322954,0.031581010782937916,-0.49947001653571804,-0.40024770163856355,-0.4052110617722496,-0.5681415405746902,-0.35164742851113623,0.7403702777314525,1,0.9852
44,-1.5051202859239436,-1.3228756555322954,1.213747802478582,0.6169923733676517,-0.40024770163856355,0.3031314434044717,-0.5681415405746902,-0.35164742851113623,0.7403702777314525,1,0.8811
45,0.873481905063612,0.7559289460184545,-0.3624745864489434,-0.49947001653571804,-0.40024770163856355,-0.49609491769075786,-0.5681415405746902,-0.35164742851113623,0.7403702777314525,1,0.9121
46,-1.5051202859239436,0.7559289460184545,1.213747802478582,-0.49947001653571804,-0.40024770163856355,-0.10614497431627161,1.760124772760805,-0.35164742851113623,-1.3506755066722447,1,0.9259
47,0.873481905063612,0.7559289460184545,-0.2048523475561909,-0.49947001653571804,-0.40024770163856355,-0.49922884375691334,-0.5681415405746902,2.8437574653509277,-1.3506755066722447,1,0.992
48,-1.5051202859239436,-1.3228756555322954,2.395914594174226,-0.49947001653571804,-0.40024770163856355,0.7282261290922728,1.760124772760805,-0.35164742851113623,-1.3506755066722447,1,0.952
49,0.873481905063612,-1.3228756555322954,0.5044477274611955,-0.49947001653571804,1.640039362811675,-0.3532774298188163,-0.5681415405746902,-0.35164742851113623,0.7403702777314525,0,0.0238
50,-1.5051202859239436,0.7559289460184545,-0.4412857058953197,0.6169923733676517,-0.40024770163856355,0.43647193885235913,-0.5681415405746902,-0.35164742851113623,0.7403702777314525,1,0.9946
51,-0.3158191904301659,0.7559289460184545,-0.2048523475561909,-0.49947001653571804,-0.40024770163856355,-0.368798422513313,1.760124772760805,-0.35164742851113623,-1.3506755066722447,1,0.9874
52,-0.3158191904301659,-1.3228756555322954,-0.7565301836808248,1.7334547632710213,0.6198958305865556,-0.22612957227765199,-0.5681415405746902,-0.35164742851113623,0.7403702777314525,1,0.9803
53,-1.5051202859239436,-1.3228756555322954,-0.1260412281098146,2.8499171531743914,1.640039362811675,4.07182617559269,-0.5681415405746902,-0.35164742851113623,0.7403702777314525,1,0.8268
54,-0.3158191904301659,0.7559289460184545,-0.2048523475561909,-0.49947001653571804,-0.40024770163856355,-0.359022364001803,1.760124772760805,-0.35164742851113623,-1.3506755066722447,1,0.9084
55,0.873481905063612,0.7559289460184545,-1.5446413781445874,3.966379543077761,0.6198958305865556,-0.11644215996221095,-0.5681415405746902,2.8437574653509277,-1.3506755066722447,0,0.3477
56,0.873481905063612,0.7559289460184545,0.4256366080148193,-0.49947001653571804,-0.40024770163856355,-0.49661783564008205,-0.5681415405746902,-0.35164742851113623,0.7403702777314525,0,0.3419
57,0.873481905063612,0.7559289460184545,-0.3624745864489434,-0.49947001653571804,-0.40024770163856355,-0.5010196586518594,-0.5681415405746902,-0.35164742851113623,0.7403702777314525,1,0.9137
58,0.873481905063612,0.7559289460184545,-0.2048523475561909,0.6169923733676517,-0.40024770163856355,-0.3496958000289243,-0.5681415405746902,-0.35164742851113623,0.7403702777314525,0,0.1835
59,-1.5051202859239436,-1.3228756555322954,0.5044477274611955,-0.49947001653571804,-0.40024770163856355,4.060633582499278,1.760124772760805,-0.35164742851113623,-1.3506755066722447,1,0.9926
60,0.873481905063612,0.7559289460184545,-0.9929635420199536,-0.49947001653571804,-0.40024770163856355,-0.49661783564008205,-0.5681415405746902,-0.35164742851113623,0.7403702777314525,1,0.788
61,-0.3158191904301659,0.7559289460184545,0.18920324967569047,-0.49947001653571804,-0.40024770163856355,-0.3962569872975197,-0.5681415405746902,-0.35164742851113623,0.7403702777314525,1,0.9869
62,0.873481905063612,0.7559289460184545,-0.9141524225735773,-0.49947001653571804,-0.40024770163856355,-0.49922884375691334,-0.5681415405746902,-0.35164742851113623,0.7403702777314525,1,0.8722
63,0.873481905063612,-1.3228756555322954,-0.5989079447880722,-0.49947001653571804,-0.40024770163856355,-0.49967654748064977,-0.5681415405746902,2.8437574653509277,-1.3506755066722447,1,0.972
64,-1.5051202859239436,0.7559289460184545,-1.3082080198054586,1.7334547632710213,1.640039362811675,4.060633582499278,1.760124772760805,-0.35164742851113623,-1.3506755066722447,1,0.95
65,-0.3158191904301659,-1.3228756555322954,-0.2048523475561909,-0.49947001653571804,-0.40024770163856355,-0.2619458701765715,-0.5681415405746902,-0.35164742851113623,0.7403702777314525,1,0.9976
66,0.873481905063612,-1.3228756555322954,-0.9141524225735773,-0.49947001653571804,-0.40024770163856355,-0.4969151109126431,-0.5681415405746902,2.8437574653509277,-1.3506755066722447,1,0.8599
67,-1.5051202859239436,0.7559289460184545,1.3713700413713346,-0.49947001653571804,-0.40024770163856355,0.12128851734186732,-0.5681415405746902,-0.35164742851113623,0.7403702777314525,1,0.9127
68,-1.5051202859239436,0.7559289460184545,0.11039213022931418,-0.49947001653571804,-0.40024770163856355,-0.12696319747001855,1.760124772760805,-0.35164742851113623,-1.3506755066722447,1,0.9767
69,-1.5051202859239436,-1.3228756555322954,2.395914594174226,0.6169923733676517,3.6803264272619134,4.07182617559269,-0.5681415405746902,-0.35164742851113623,0.7403702777314525,1,0.9021
70,0.873481905063612,-1.3228756555322954,-0.4412857058953197,-0.49947001653571804,-0.40024770163856355,-0.49922884375691334,-0.5681415405746902,2.8437574653509277,-1.3506755066722447,1,0.9549
71,0.873481905063612,0.7559289460184545,-0.6777190642344485,-0.49947001653571804,-0.40024770163856355,-0.49661783564008205,-0.5681415405746902,-0.35164742851113623,0.7403702777314525,1,0.9119
72,0.873481905063612,-1.3228756555322954,-0.04723010866343835,-0.49947001653571804,-0.40024770163856355,-0.49609491769075786,-0.5681415405746902,-0.35164742851113623,0.7403702777314525,1,0.8246
73,-1.5051202859239436,0.7559289460184545,-0.08663566838662648,-0.49947001653571804,-0.40024770163856355,-0.14158878271704234,1.760124772760805,-0.35164742851113623,-1.3506755066722447,1,0.976
74,-1.5051202859239436,-1.3228756555322954,0.4256366080148193,-0.49947001653571804,-0.40024770163856355,3.149556504695513,1.760124772760805,-0.35164742851113623,-1.3506755066722447,1,0.9961
75,-1.5051202859239436,0.7559289460184545,0.2286088093988786,-0.49947001653571804,-0.40024770163856355,3.149556504695513,1.760124772760805,-0.35164742851113623,-1.3506755066722447,1,0.9932
76,0.873481905063612,0.7559289460184545,-0.2048523475561909,-0.49947001653571804,-0.40024770163856355,-0.4938563990720754,-0.5681415405746902,-0.35164742851113623,0.7403702777314525,1,0.9923
77,-1.5051202859239436,-1.3228756555322954,2.0018589969423446,1.7334547632710213,-0.40024770163856355,-0.17777757011411063,-0.5681415405746902,-0.35164742851113623,0.7403702777314525,1,0.972
78,-0.3158191904301659,0.7559289460184545,0.031581010782937916,-0.49947001653571804,-0.40024770163856355,-0.4052110617722496,-0.5681415405746902,-0.35164742851113623,0.7403702777314525,1,0.9852
79,0.873481905063612,-1.3228756555322954,-0.4412857058953197,-0.49947001653571804,-0.40024770163856355,-0.49922884375691334,-0.5681415405746902,2.8437574653509277,-1.3506755066722447,1,0.9549
80,0.873481905063612,0.7559289460184545,-1.8598858559300926,0.6169923733676517,0.6198958305865556,-0.3649929408615529,1.760124772760805,-0.35164742851113623,-1.3506755066722447,1,0.723
81,-1.5051202859239436,0.7559289460184545,2.9475924302988603,0.6169923733676517,-0.40024770163856355,3.3336379493767994,-0.5681415405746902,-0.35164742851113623,0.7403702777314525,1,0.9872
82,-1.5051202859239436,0.7559289460184545,1.528992280264087,-0.49947001653571804,-0.40024770163856355,-0.1724051254292727,-0.5681415405746902,-0.35164742851113623,0.7403702777314525,1,0.9335
83,0.873481905063612,0.7559289460184545,-0.2048523475561909,-0.49947001653571804,-0.40024770163856355,-0.49661783564008205,-0.5681415405746902,-0.35164742851113623,0.7403702777314525,1,0.9918
84,-0.3158191904301659,0.7559289460184545,-0.2048523475561909,-0.49947001653571804,-0.40024770163856355,-0.4462511667197265,-0.5681415405746902,2.8437574653509277,-1.3506755066722447,1,0.9578
85,0.873481905063612,0.7559289460184545,-0.2048523475561909,0.6169923733676517,-0.40024770163856355,-0.3791690315699452,1.760124772760805,-0.35164742851113623,-1.3506755066722447,1,0.8599
86,0.873481905063612,-1.3228756555322954,-0.2048523475561909,-0.49947001653571804,-0.40024770163856355,-0.4969151109126431,-0.5681415405746902,2.8437574653509277,-1.3506755066722447,1,0.9918
87,0.873481905063612,-1.3228756555322954,-0.9141524225735773,-0.49947001653571804,-0.40024770163856355,-0.4938563990720754,-0.5681415405746902,-0.35164742851113623,0.7403702777314525,1,0.8665
88,0.873481905063612,-1.3228756555322954,-0.2048523475561909,-0.49947001653571804,-0.40024770163856355,-0.49922884375691334,-0.5681415405746902,2.8437574653509277,-1.3506755066722447,1,0.992
89,-0.3158191904301659,0.7559289460184545,-2.1751303337155976,0.6169923733676517,0.6198958305865556,-0.22612957227765199,-0.5681415405746902,-0.35164742851113623,0.7403702777314525,1,0.9838
90,0.873481905063612,-1.3228756555322954,-0.5989079447880722,0.6169923733676517,-0.40024770163856355,-0.3890937277177358,-0.5681415405746902,-0.35164742851113623,0.7403702777314525,1,0.6465
91,0.873481905063612,0.7559289460184545,-0.2048523475561909,-0.49947001653571804,-0.40024770163856355,-0.49878114003317686,-0.5681415405746902,-0.35164742851113623,0.7403702777314525,1,0.992
92,-1.5051202859239436,-1.3228756555322954,-0.2048523475561909,0.6169923733676517,1.640039362811675,0.29320674725668106,-0.5681415405746902,-0.35164742851113623,0.7403702777314525,1,0.7273
93,0.873481905063612,0.7559289460184545,-0.2048523475561909,-0.49947001653571804,-0.40024770163856355,-0.4938563990720754,-0.5681415405746902,-0.35164742851113623,0.7403702777314525,1,0.9923
94,-1.5051202859239436,0.7559289460184545,-0.3624745864489434,-0.49947001653571804,-0.40024770163856355,-0.1724051254292727,1.760124772760805,-0.35164742851113623,-1.3506755066722447,1,0.9356
95,0.873481905063612,0.7559289460184545,-0.3624745864489434,-0.49947001653571804,-0.40024770163856355,-0.4984086505350281,-0.5681415405746902,-0.35164742851113623,0.7403702777314525,1,0.9137
96,-1.5051202859239436,-1.3228756555322954,3.6568925053162467,0.6169923733676517,-0.40024770163856355,0.7740405465496755,-0.5681415405746902,-0.35164742851113623,0.7403702777314525,1,0.9759
97,0.873481905063612,0.7559289460184545,-0.04723010866343835,-0.49947001653571804,-0.40024770163856355,-0.49609491769075786,-0.5681415405746902,-0.35164742851113623,0.7403702777314525,1,0.8246
98,0.873481905063612,-1.3228756555322954,-0.7565301836808248,-0.49947001653571804,-0.40024770163856355,-0.49736281463637966,-0.5681415405746902,-0.35164742851113623,0.7403702777314525,1,0.9508
99,0.873481905063612,0.7559289460184545,0.2680143691220667,-0.49947001653571804,-0.40024770163856355,-0.4938563990720754,-0.5681415405746902,-0.35164742851113623,0.7403702777314525,0,0.3197
100,-1.5051202859239436,-1.3228756555322954,1.0561255635858293,0.6169923733676517,-0.40024770163856355,0.35484122349603664,1.760124772760805,-0.35164742851113623,-1.3506755066722447,1,0.9576
101,-0.3158191904301659,0.7559289460184545,-0.2048523475561909,0.6169923733676517,-0.40024770163856355,-0.1724051254292727,-0.5681415405746902,-0.35164742851113623,0.7403702777314525,1,0.9764
102,0.873481905063612,0.7559289460184545,-0.2048523475561909,-0.49947001653571804,-0.40024770163856355,-0.49922884375691334,-0.5681415405746902,2.8437574653509277,-1.3506755066722447,1,0.992
103,0.873481905063612,0.7559289460184545,-0.28366346700256717,-0.49947001653571804,-0.40024770163856355,-0.49878114003317686,-0.5681415405746902,-0.35164742851113623,0.7403702777314525,1,0.9814
104,0.873481905063612,-1.3228756555322954,-1.07177466146633,0.6169923733676517,0.6198958305865556,-0.4854986659573625,1.760124772760805,-0.35164742851113623,-1.3506755066722447,1,0.9658
105,0.873481905063612,0.7559289460184545,-0.1260412281098146,-0.49947001653571804,-0.40024770163856355,-0.2346359430286454,-0.5681415405746902,-0.35164742851113623,0.7403702777314525,1,0.9537
106,0.873481905063612,0.7559289460184545,-0.6777190642344485,-0.49947001653571804,-0.40024770163856355,-0.4979609468112916,-0.5681415405746902,2.8437574653509277,-1.3506755066722447,1,0.92
107,0.873481905063612,0.7559289460184545,-0.2048523475561909,-0.49947001653571804,-0.40024770163856355,-0.49922884375691334,-0.5681415405746902,2.8437574653509277,-1.3506755066722447,1,0.992
108,0.873481905063612,0.7559289460184545,-0.2048523475561909,-0.49947001653571804,-0.40024770163856355,-0.4819922503930583,-0.5681415405746902,-0.35164742851113623,0.7403702777314525,1,0.7629
109,-0.3158191904301659,0.7559289460184545,-0.8747468628503892,-0.49947001653571804,-0.40024770163856355,-0.4052110617722496,-0.5681415405746902,-0.35164742851113623,0.7403702777314525,1,0.9748
110,-0.3158191904301659,0.7559289460184545,0.8985033246930769,-0.49947001653571804,-0.40024770163856355,-0.36857457065144483,1.760124772760805,-0.35164742851113623,-1.3506755066722447,1,0.7315
111,0.873481905063612,-1.3228756555322954,-0.2048523475561909,-0.49947001653571804,-0.40024770163856355,-0.4987059258075891,-0.5681415405746902,2.8437574653509277,-1.3506755066722447,1,0.992
112,-1.5051202859239436,-1.3228756555322954,0.5044477274611955,-0.49947001653571804,-0.40024770163856355,-0.07070116591550081,1.760124772760805,-0.35164742851113623,-1.3506755066722447,1,0.9201
113,0.873481905063612,-1.3228756555322954,-0.8747468628503892,-0.49947001653571804,-0.40024770163856355,-0.5075865768716262,-0.5681415405746902,2.8437574653509277,-1.3506755066722447,1,0.8377
114,-1.5051202859239436,-1.3228756555322954,2.632347952513355,0.6169923733676517,-0.40024770163856355,3.3336379493767994,-0.5681415405746902,-0.35164742851113623,0.7403702777314525,1,0.9872
115,0.873481905063612,0.7559289460184545,-0.9141524225735773,0.6169923733676517,-0.40024770163856355,-0.3791690315699452,1.760124772760805,-0.35164742851113623,-1.3506755066722447,1,0.5424
116,0.873481905063612,0.7559289460184545,-0.2048523475561909,-0.49947001653571804,-0.40024770163856355,-0.5227332892530793,1.760124772760805,-0.35164742851113623,-1.3506755066722447,1,0.9923
117,0.873481905063612,-1.3228756555322954,-2.253941453161974,0.6169923733676517,0.6198958305865556,-0.3389509106592485,-0.5681415405746902,-0.35164742851113623,0.7403702777314525,1,0.7577
118,-1.5051202859239436,0.7559289460184545,0.5044477274611955,-0.49947001653571804,-0.40024770163856355,0.7094225726953398,1.760124772760805,-0.35164742851113623,-1.3506755066722447,1,0.9916
119,-0.3158191904301659,-1.3228756555322954,-0.04723010866343835,0.6169923733676517,-0.40024770163856355,-0.1724051254292727,-0.5681415405746902,-0.35164742851113623,0.7403702777314525,1,0.9745
120,-0.3158191904301659,-1.3228756555322954,-1.387019139251835,-0.49947001653571804,-0.40024770163856355,-0.35596365216123527,-0.5681415405746902,-0.35164742851113623,0.7403702777314525,1,0.8801
121,0.873481905063612,0.7559289460184545,-0.2048523475561909,0.6169923733676517,-0.40024770163856355,-0.49922884375691334,-0.5681415405746902,2.8437574653509277,-1.3506755066722447,1,0.9859
122,-1.5051202859239436,-1.3228756555322954,0.4256366080148193,0.6169923733676517,-0.40024770163856355,0.39617860371607466,1.760124772760805,-0.35164742851113623,-1.3506755066722447,1,0.9984
123,0.873481905063612,0.7559289460184545,-0.1260412281098146,-0.49947001653571804,-0.40024770163856355,-0.5081829182316432,-0.5681415405746902,-0.35164742851113623,0.7403702777314525,1,0.7841
124,0.873481905063612,0.7559289460184545,-0.2048523475561909,-0.49947001653571804,-0.40024770163856355,-0.49922884375691334,-0.5681415405746902,2.8437574653509277,-1.3506755066722447,1,0.992
125,0.873481905063612,-1.3228756555322954,-0.9929635420199536,-0.49947001653571804,0.6198958305865556,-0.3496958000289243,-0.5681415405746902,-0.35164742851113623,0.7403702777314525,0,0.0479
126,0.873481905063612,0.7559289460184545,-0.5989079447880722,-0.49947001653571804,-0.40024770163856355,-0.4984086505350281,-0.5681415405746902,-0.35164742851113623,0.7403702777314525,1,0.972
127,0.873481905063612,-1.3228756555322954,-0.2048523475561909,1.7334547632710213,-0.40024770163856355,-0.22165253504028704,-0.5681415405746902,2.8437574653509277,-1.3506755066722447,1,0.5602
128,-0.3158191904301659,0.7559289460184545,0.9773144441394531,-0.49947001653571804,-0.40024770163856355,-0.4052110617722496,-0.5681415405746902,-0.35164742851113623,0.7403702777314525,1,0.9258
129,0.873481905063612,0.7559289460184545,-0.4412857058953197,-0.49947001653571804,-0.40024770163856355,-0.4938563990720754,-0.5681415405746902,-0.35164742851113623,0.7403702777314525,1,0.9564
130,0.873481905063612,0.7559289460184545,0.18920324967569047,-0.49947001653571804,-0.40024770163856355,-0.4938563990720754,-0.5681415405746902,-0.35164742851113623,0.7403702777314525,1,0.6336
131,-1.5051202859239436,0.7559289460184545,1.8442367580495922,-0.49947001653571804,-0.40024770163856355,-0.1276347530556233,1.760124772760805,-0.35164742851113623,-1.3506755066722447,1,0.9228
132,0.873481905063612,-1.3228756555322954,-0.2048523475561909,-0.49947001653571804,3.6803264272619134,-0.1819555412640196,-0.5681415405746902,-0.35164742851113623,0.7403702777314525,1,0.8765
133,0.873481905063612,0.7559289460184545,-0.2048523475561909,0.6169923733676517,-0.40024770163856355,-0.5227332892530793,1.760124772760805,-0.35164742851113623,-1.3506755066722447,1,0.9865
134,0.873481905063612,0.7559289460184545,1.0561255635858293,-0.49947001653571804,-0.40024770163856355,-0.49661783564008205,-0.5681415405746902,-0.35164742851113623,0.7403702777314525,0,0.1603
135,0.873481905063612,0.7559289460184545,-0.4412857058953197,-0.49947001653571804,-0.40024770163856355,-0.49736281463637966,-0.5681415405746902,-0.35164742851113623,0.7403702777314525,1,0.9549
136,0.873481905063612,0.7559289460184545,-0.24425790727937902,-0.49947001653571804,-0.40024770163856355,-0.5086306219553797,1.760124772760805,-0.35164742851113623,-1.3506755066722447,1,0.9808
137,-0.3158191904301659,0.7559289460184545,-0.28366346700256717,-0.49947001653571804,-0.40024770163856355,-0.4052110617722496,-0.5681415405746902,-0.35164742851113623,0.7403702777314525,1,0.9823
138,0.873481905063612,-1.3228756555322954,-0.520096825341696,-0.49947001653571804,-0.40024770163856355,-0.4938563990720754,-0.5681415405746902,-0.35164742851113623,0.7403702777314525,1,0.944
139,0.873481905063612,0.7559289460184545,0.8196922052467006,0.6169923733676517,5.720613491712152,0.20187518761443626,-0.5681415405746902,-0.35164742851113623,0.7403702777314525,0,0.0909
140,0.873481905063612,-1.3228756555322954,-1.5446413781445874,5.082841932981131,1.640039362811675,0.20187518761443626,-0.5681415405746902,-0.35164742851113623,0.7403702777314525,0,0.0945
141,-1.5051202859239436,-1.3228756555322954,0.2680143691220667,-0.49947001653571804,-0.40024770163856355,2.0759629751754005,-0.5681415405746902,-0.35164742851113623,0.7403702777314525,1,0.9883
142,-1.5051202859239436,0.7559289460184545,2.4747257136206025,0.6169923733676517,2.6601828950367943,4.060633582499278,1.760124772760805,-0.35164742851113623,-1.3506755066722447,1,0.9021
143,-0.3158191904301659,0.7559289460184545,-0.1260412281098146,-0.49947001653571804,-0.40024770163856355,-0.1724051254292727,-0.5681415405746902,-0.35164742851113623,0.7403702777314525,1,0.9886
144,-1.5051202859239436,0.7559289460184545,0.9773144441394531,-0.49947001653571804,-0.40024770163856355,-0.16255564350706983,-0.5681415405746902,-0.35164742851113623,0.7403702777314525,1,0.9667
145,0.873481905063612,0.7559289460184545,0.11039213022931418,2.8499171531743914,-0.40024770163856355,-0.3156703170249508,-0.5681415405746902,-0.35164742851113623,0.7403702777314525,1,0.8228
146,-1.5051202859239436,0.7559289460184545,-0.2048523475561909,-0.49947001653571804,-0.40024770163856355,0.2907443767761303,-0.5681415405746902,-0.35164742851113623,0.7403702777314525,1,0.9583
147,0.873481905063612,0.7559289460184545,-0.5989079447880722,-0.49947001653571804,-0.40024770163856355,-0.4938563990720754,-0.5681415405746902,-0.35164742851113623,0.7403702777314525,1,0.9706
148,-1.5051202859239436,0.7559289460184545,-0.2048523475561909,-0.49947001653571804,-0.40024770163856355,-0.16255564350706983,-0.5681415405746902,-0.35164742851113623,0.7403702777314525,1,0.9792
149,-0.3158191904301659,0.7559289460184545,0.031581010782937916,0.6169923733676517,0.6198958305865556,-0.1724051254292727,-0.5681415405746902,-0.35164742851113623,0.7403702777314525,1,0.8764
150,-1.5051202859239436,-1.3228756555322954,-0.520096825341696,-0.49947001653571804,0.6198958305865556,0.851194224668633,1.760124772760805,-0.35164742851113623,-1.3506755066722447,1,0.9786
151,0.873481905063612,0.7559289460184545,-0.2048523475561909,-0.49947001653571804,-0.40024770163856355,-0.49661783564008205,1.760124772760805,-0.35164742851113623,-1.3506755066722447,1,0.9918
152,0.873481905063612,0.7559289460184545,2.4353201538974143,-0.49947001653571804,-0.40024770163856355,,-0.5681415405746902,-0.35164742851113623,0.7403702777314525,1,0.7522
153,0.873481905063612,-1.3228756555322954,0.5044477274611955,-0.49947001653571804,1.640039362811675,-0.41983664701927337,-0.5681415405746902,-0.35164742851113623,0.7403702777314525,0,0.239
154,0.873481905063612,0.7559289460184545,-1.3082080198054586,3.966379543077761,1.640039362811675,-0.07592497296405826,-0.5681415405746902,-0.35164742851113623,0.7403702777314525,0,0.0365
155,0.873481905063612,0.7559289460184545,-0.4412857058953197,-0.49947001653571804,-0.40024770163856355,-0.5028104735468053,-0.5681415405746902,-0.35164742851113623,0.7403702777314525,1,0.9568
156,-1.5051202859239436,-1.3228756555322954,-0.04723010866343835,-0.49947001653571804,-0.40024770163856355,3.3336379493767994,-0.5681415405746902,-0.35164742851113623,0.7403702777314525,1,0.978
157,0.873481905063612,-1.3228756555322954,-0.520096825341696,-0.49947001653571804,-0.40024770163856355,-0.49736281463637966,-0.5681415405746902,-0.35164742851113623,0.7403702777314525,1,0.9466
158,-1.5051202859239436,0.7559289460184545,0.9773144441394531,-0.49947001653571804,-0.40024770163856355,-0.16255564350706983,-0.5681415405746902,-0.35164742851113623,0.7403702777314525,1,0.9667
159,0.873481905063612,-1.3228756555322954,-0.28366346700256717,-0.49947001653571804,1.640039362811675,-0.3913322463364183,-0.5681415405746902,-0.35164742851113623,0.7403702777314525,1,0.5706
160,0.873481905063612,-1.3228756555322954,-0.2048523475561909,-0.49947001653571804,-0.40024770163856355,-0.4995279098443693,-0.5681415405746902,2.8437574653509277,-1.3506755066722447,1,0.992
161,0.873481905063612,0.7559289460184545,-1.7810747364837163,0.6169923733676517,0.6198958305865556,-0.3649929408615529,1.760124772760805,-0.35164742851113623,-1.3506755066722447,1,0.6934
162,-0.3158191904301659,-1.3228756555322954,-0.28366346700256717,-0.49947001653571804,-0.40024770163856355,-0.3962569872975197,-0.5681415405746902,-0.35164742851113623,0.7403702777314525,1,0.9779
163,0.873481905063612,0.7559289460184545,-0.2048523475561909,-0.49947001653571804,-0.40024770163856355,-0.5126599554690081,-0.5681415405746902,-0.35164742851113623,0.7403702777314525,1,0.9923
164,-0.3158191904301659,0.7559289460184545,0.8985033246930769,-0.49947001653571804,-0.40024770163856355,-0.4052110617722496,-0.5681415405746902,-0.35164742851113623,0.7403702777314525,1,0.8082
165,0.873481905063612,-1.3228756555322954,-0.28366346700256717,0.6169923733676517,0.6198958305865556,-0.24359001750337528,-0.5681415405746902,-0.35164742851113623,0.7403702777314525,1,0.5684
166,-1.5051202859239436,0.7559289460184545,1.4501811608177106,-0.49947001653571804,-0.40024770163856355,0.2662693096069037,1.760124772760805,-0.35164742851113623,-1.3506755066722447,1,0.8755
167,0.873481905063612,0.7559289460184545,-0.9141524225735773,1.7334547632710213,1.640039362811675,-0.022424377977547216,-0.5681415405746902,-0.35164742851113623,0.7403702777314525,0,0.2199
168,-1.5051202859239436,-1.3228756555322954,-0.2048523475561909,-0.49947001653571804,-0.40024770163856355,-0.14158878271704234,1.760124772760805,-0.35164742851113623,-1.3506755066722447,1,0.9714
169,0.873481905063612,-1.3228756555322954,-0.5989079447880722,-0.49947001653571804,-0.40024770163856355,-0.4775152131556934,-0.5681415405746902,-0.35164742851113623,0.7403702777314525,0,0.3902
170,0.873481905063612,0.7559289460184545,-0.2048523475561909,-0.49947001653571804,-0.40024770163856355,-0.5028104735468053,-0.5681415405746902,-0.35164742851113623,0.7403702777314525,1,0.9923
171,0.873481905063612,0.7559289460184545,-0.2048523475561909,-0.49947001653571804,-0.40024770163856355,-0.5086306219553797,1.760124772760805,-0.35164742851113623,-1.3506755066722447,1,0.9923
172,0.873481905063612,0.7559289460184545,-0.520096825341696,0.6169923733676517,-0.40024770163856355,-0.3890937277177358,-0.5681415405746902,-0.35164742851113623,0.7403702777314525,1,0.5085
173,0.873481905063612,0.7559289460184545,-0.2048523475561909,-0.49947001653571804,-0.40024770163856355,-0.508555407729792,1.760124772760805,-0.35164742851113623,-1.3506755066722447,1,0.9923
174,0.873481905063612,0.7559289460184545,0.8196922052467006,0.6169923733676517,4.700469959487033,-0.07592497296405826,-0.5681415405746902,-0.35164742851113623,0.7403702777314525,0,0.0202
175,-0.3158191904301659,-1.3228756555322954,-1.150585780912706,-0.49947001653571804,1.640039362811675,0.060400810913704174,-0.5681415405746902,-0.35164742851113623,0.7403702777314525,1,0.9792
176,-0.3158191904301659,-1.3228756555322954,-0.7565301836808248,-0.49947001653571804,-0.40024770163856355,0.02010747577741971,-0.5681415405746902,-0.35164742851113623,0.7403702777314525,1,0.9897
177,-1.5051202859239436,0.7559289460184545,1.9230478774959683,0.6169923733676517,-0.40024770163856355,0.35484122349603664,1.760124772760805,-0.35164742851113623,-1.3506755066722447,1,0.9675
178,-0.3158191904301659,-1.3228756555322954,0.5044477274611955,-0.49947001653571804,2.6601828950367943,0.060400810913704174,-0.5681415405746902,-0.35164742851113623,0.7403702777314525,1,0.9631
179,-1.5051202859239436,-1.3228756555322954,2.7111590719597314,-0.49947001653571804,1.640039362811675,0.851194224668633,1.760124772760805,-0.35164742851113623,-1.3506755066722447,1,0.6652
180,-0.3158191904301659,0.7559289460184545,0.031581010782937916,-0.49947001653571804,-0.40024770163856355,-0.4052110617722496,-0.5681415405746902,-0.35164742851113623,0.7403702777314525,1,0.9852
181,-1.5051202859239436,0.7559289460184545,0.5832588469075718,0.6169923733676517,0.6198958305865556,0.851194224668633,1.760124772760805,-0.35164742851113623,-1.3506755066722447,1,0.9716
182,-1.5051202859239436,-1.3228756555322954,-0.9141524225735773,0.6169923733676517,-0.40024770163856355,0.31290571110108684,-0.5681415405746902,-0.35164742851113623,0.7403702777314525,1,0.9169
183,0.873481905063612,0.7559289460184545,-0.2048523475561909,-0.49947001653571804,-0.40024770163856355,-0.49922884375691334,-0.5681415405746902,2.8437574653509277,-1.3506755066722447,1,0.992
184,-1.5051202859239436,-1.3228756555322954,-0.2048523475561909,0.6169923733676517,0.6198958305865556,3.794622356374213,1.760124772760805,-0.35164742851113623,-1.3506755066722447,1,0.9616
185,-0.3158191904301659,0.7559289460184545,0.8196922052467006,-0.49947001653571804,-0.40024770163856355,-0.3514866149238703,-0.5681415405746902,-0.35164742851113623,0.7403702777314525,0,0.2182
186,-0.3158191904301659,-1.3228756555322954,-0.6777190642344485,-0.49947001653571804,0.6198958305865556,-0.2619458701765715,-0.5681415405746902,-0.35164742851113623,0.7403702777314525,1,0.9966
187,0.873481905063612,0.7559289460184545,-0.9929635420199536,1.7334547632710213,-0.40024770163856355,-0.4938563990720754,-0.5681415405746902,-0.35164742851113623,0.7403702777314525,1,0.7976
188,0.873481905063612,-1.3228756555322954,-0.2048523475561909,8.43222910269124,1.640039362811675,0.6074947613196998,-0.5681415405746902,-0.35164742851113623,0.7403702777314525,1,0.6146
189,-0.3158191904301659,0.7559289460184545,0.8196922052467006,-0.49947001653571804,-0.40024770163856355,-0.4052110617722496,-0.5681415405746902,-0.35164742851113623,0.7403702777314525,1,0.8394
190,-0.3158191904301659,0.7559289460184545,0.346825488568443,0.6169923733676517,-0.40024770163856355,-0.1724051254292727,-0.5681415405746902,-0.35164742851113623,0.7403702777314525,1,0.9773
191,-1.5051202859239436,0.7559289460184545,-0.2048523475561909,-0.49947001653571804,-0.40024770163856355,-0.1724051254292727,-0.5681415405746902,-0.35164742851113623,0.7403702777314525,1,0.9866
192,0.873481905063612,0.7559289460184545,-1.426424698975023,0.6169923733676517,0.6198958305865556,-0.37834883834805993,-0.5681415405746902,-0.35164742851113623,0.7403702777314525,1,0.7598
193,-0.3158191904301659,0.7559289460184545,2.4747257136206025,-0.49947001653571804,-0.40024770163856355,-0.4168513585893984,-0.5681415405746902,2.8437574653509277,-1.3506755066722447,1,0.7402
194,-0.3158191904301659,0.7559289460184545,-1.70226361703734,-0.49947001653571804,1.640039362811675,-0.05600215725778427,-0.5681415405746902,-0.35164742851113623,0.7403702777314525,1,0.9726
195,0.873481905063612,0.7559289460184545,0.2680143691220667,-0.49947001653571804,-0.40024770163856355,-0.49736281463637966,-0.5681415405746902,-0.35164742851113623,0.7403702777314525,0,0.3119
196,-1.5051202859239436,0.7559289460184545,-1.8598858559300926,-0.49947001653571804,1.640039362811675,1.7706290355871113,1.760124772760805,-0.35164742851113623,-1.3506755066722447,1,0.979
197,0.873481905063612,-1.3228756555322954,-0.9141524225735773,-0.49947001653571804,-0.40024770163856355,-0.49878114003317686,-0.5681415405746902,-0.35164742851113623,0.7403702777314525,1,0.8722
198,-0.3158191904301659,0.7559289460184545,-0.520096825341696,-0.49947001653571804,-0.40024770163856355,-0.449981434145899,-0.5681415405746902,-0.35164742851113623,0.7403702777314525,1,0.9094
199,0.873481905063612,-1.3228756555322954,-0.2048523475561909,-0.49947001653571804,-0.40024770163856355,-0.49273713976273414,-0.5681415405746902,-0.35164742851113623,0.7403702777314525,1,0.995
200,0.873481905063612,-1.3228756555322954,-0.2048523475561909,-0.49947001653571804,-0.40024770163856355,-0.3604406893986002,-0.5681415405746902,2.8437574653509277,-1.3506755066722447,0,0.4916
201,0.873481905063612,0.7559289460184545,-2.306744903191046,-0.49947001653571804,1.640039362811675,-0.38013965324300597,-0.5681415405746902,-0.35164742851113623,0.7403702777314525,1,0.8457
202,-1.5051202859239436,0.7559289460184545,1.3713700413713346,0.6169923733676517,-0.40024770163856355,3.4365345916106054,1.760124772760805,-0.35164742851113623,-1.3506755066722447,1,0.9717
203,-0.3158191904301659,-1.3228756555322954,-1.70226361703734,0.6169923733676517,0.6198958305865556,-0.1724051254292727,-0.5681415405746902,-0.35164742851113623,0.7403702777314525,1,0.9854
204,-0.3158191904301659,0.7559289460184545,-0.3624745864489434,-0.49947001653571804,-0.40024770163856355,-0.449981434145899,-0.5681415405746902,-0.35164742851113623,0.7403702777314525,1,0.7283
205,-1.5051202859239436,0.7559289460184545,-0.2048523475561909,-0.49947001653571804,-0.40024770163856355,-0.17703080030291812,1.760124772760805,-0.35164742851113623,-1.3506755066722447,1,0.9896
206,0.873481905063612,-1.3228756555322954,0.4256366080148193,-0.49947001653571804,-0.40024770163856355,-0.49922884375691334,-0.5681415405746902,2.8437574653509277,-1.3506755066722447,0,0.3464
207,-0.3158191904301659,0.7559289460184545,-0.4412857058953197,-0.49947001653571804,-0.40024770163856355,-0.449981434145899,-0.5681415405746902,-0.35164742851113623,0.7403702777314525,1,0.9177
208,-1.5051202859239436,-1.3228756555322954,0.2680143691220667,-0.49947001653571804,-0.40024770163856355,-0.14158878271704234,1.760124772760805,-0.35164742851113623,-1.3506755066722447,1,0.9498
209,0.873481905063612,0.7559289460184545,-0.3624745864489434,-0.49947001653571804,-0.40024770163856355,-0.49661783564008205,-0.5681415405746902,-0.35164742851113623,0.7403702777314525,1,0.9121
210,0.873481905063612,0.7559289460184545,0.18920324967569047,-0.49947001653571804,-0.40024770163856355,-0.2346359430286454,-0.5681415405746902,-0.35164742851113623,0.7403702777314525,1,0.9215
211,0.873481905063612,0.7559289460184545,-0.2048523475561909,-0.49947001653571804,-0.40024770163856355,-0.5117645480215351,-0.5681415405746902,-0.35164742851113623,0.7403702777314525,1,0.9923
212,-0.3158191904301659,0.7559289460184545,-0.9929635420199536,-0.49947001653571804,-0.40024770163856355,0.6782319496700658,-0.5681415405746902,-0.35164742851113623,0.7403702777314525,1,0.9699
213,-0.3158191904301659,-1.3228756555322954,2.395914594174226,0.6169923733676517,-0.40024770163856355,-0.1724051254292727,-0.5681415405746902,-0.35164742851113623,0.7403702777314525,1,0.9292
214,0.873481905063612,-1.3228756555322954,0.6620699663539481,3.966379543077761,1.640039362811675,-0.49878114003317686,-0.5681415405746902,-0.35164742851113623,0.7403702777314525,0,0.0317
215,-1.5051202859239436,0.7559289460184545,0.9773144441394531,-0.49947001653571804,-0.40024770163856355,0.12307933223681333,-0.5681415405746902,-0.35164742851113623,0.7403702777314525,1,0.9912
216,0.873481905063612,-1.3228756555322954,-0.2048523475561909,-0.49947001653571804,-0.40024770163856355,-0.4969151109126431,-0.5681415405746902,2.8437574653509277,-1.3506755066722447,1,0.9918
217,-1.5051202859239436,0.7559289460184545,2.159481235835097,0.6169923733676517,0.6198958305865556,2.314440422290671,-0.5681415405746902,-0.35164742851113623,0.7403702777314525,1,0.9533
218,-1.5051202859239436,-1.3228756555322954,1.6078033997104633,0.6169923733676517,0.6198958305865556,3.149556504695513,1.760124772760805,-0.35164742851113623,-1.3506755066722447,1,0.9464
219,0.873481905063612,0.7559289460184545,-0.2048523475561909,-0.49947001653571804,-0.40024770163856355,-0.4938563990720754,-0.5681415405746902,-0.35164742851113623,0.7403702777314525,1,0.9923
220,-0.3158191904301659,-1.3228756555322954,0.031581010782937916,0.6169923733676517,-0.40024770163856355,-0.3898404975289283,1.760124772760805,-0.35164742851113623,-1.3506755066722447,1,0.9475
221,0.873481905063612,0.7559289460184545,-0.6777190642344485,-0.49947001653571804,-0.40024770163856355,-0.4938563990720754,-0.5681415405746902,-0.35164742851113623,0.7403702777314525,1,0.9163
222,-0.3158191904301659,-1.3228756555322954,-0.5989079447880722,-0.49947001653571804,-0.40024770163856355,-0.449981434145899,-0.5681415405746902,-0.35164742851113623,0.7403702777314525,1,0.9477
223,0.873481905063612,0.7559289460184545,-0.6777190642344485,-0.49947001653571804,-0.40024770163856355,-0.4984086505350281,-0.5681415405746902,-0.35164742851113623,0.7403702777314525,1,0.92
224,-1.5051202859239436,-1.3228756555322954,1.8442367580495922,-0.49947001653571804,-0.40024770163856355,-0.14651352367814383,1.760124772760805,-0.35164742851113623,-1.3506755066722447,1,0.8348
225,0.873481905063612,-1.3228756555322954,-0.2048523475561909,-0.49947001653571804,1.640039362811675,-0.3649929408615529,1.760124772760805,-0.35164742851113623,-1.3506755066722447,1,0.6458
226,0.873481905063612,0.7559289460184545,-0.520096825341696,-0.49947001653571804,-0.40024770163856355,-0.4984086505350281,-0.5681415405746902,-0.35164742851113623,0.7403702777314525,1,0.9466
227,0.873481905063612,-1.3228756555322954,-0.2048523475561909,-0.49947001653571804,-0.40024770163856355,-0.49922884375691334,-0.5681415405746902,2.8437574653509277,-1.3506755066722447,1,0.992
228,0.873481905063612,0.7559289460184545,0.8590977649698888,-0.49947001653571804,-0.40024770163856355,-0.36760394897838405,-0.5681415405746902,-0.35164742851113623,0.7403702777314525,0,0.0839
229,-0.3158191904301659,0.7559289460184545,0.5044477274611955,-0.49947001653571804,-0.40024770163856355,-0.4052110617722496,-0.5681415405746902,-0.35164742851113623,0.7403702777314525,1,0.9475
230,-0.3158191904301659,0.7559289460184545,-1.2293969003590823,-0.49947001653571804,-0.40024770163856355,0.5260126835996579,-0.5681415405746902,-0.35164742851113623,0.7403702777314525,1,0.9963
231,-1.5051202859239436,-1.3228756555322954,-0.6777190642344485,-0.49947001653571804,-0.40024770163856355,-0.16255564350706983,-0.5681415405746902,-0.35164742851113623,0.7403702777314525,1,0.9138
232,0.873481905063612,0.7559289460184545,-0.6777190642344485,0.6169923733676517,-0.40024770163856355,-0.5216892441693257,-0.5681415405746902,-0.35164742851113623,0.7403702777314525,1,0.9347
233,0.873481905063612,0.7559289460184545,-0.2048523475561909,-0.49947001653571804,-0.40024770163856355,-0.4969151109126431,-0.5681415405746902,2.8437574653509277,-1.3506755066722447,1,0.9918
234,-1.5051202859239436,0.7559289460184545,0.7408810858003243,0.6169923733676517,-0.40024770163856355,0.6385349558937984,1.760124772760805,-0.35164742851113623,-1.3506755066722447,1,0.9947
235,0.873481905063612,0.7559289460184545,-0.7565301836808248,-0.49947001653571804,-0.40024770163856355,-0.49736281463637966,-0.5681415405746902,-0.35164742851113623,0.7403702777314525,1,0.9508
236,-1.5051202859239436,0.7559289460184545,2.7111590719597314,0.6169923733676517,-0.40024770163856355,0.7095712103316205,1.760124772760805,-0.35164742851113623,-1.3506755066722447,1,0.9783
237,0.873481905063612,0.7559289460184545,-0.7565301836808248,-0.49947001653571804,-0.40024770163856355,-0.5086306219553797,1.760124772760805,-0.35164742851113623,-1.3506755066722447,1,0.9529
238,-0.3158191904301659,-1.3228756555322954,-0.9141524225735773,0.6169923733676517,0.6198958305865556,-0.4052110617722496,-0.5681415405746902,-0.35164742851113623,0.7403702777314525,1,0.9904
239,-1.5051202859239436,-1.3228756555322954,1.4501811608177106,0.6169923733676517,-0.40024770163856355,1.2678577538310285,1.760124772760805,-0.35164742851113623,-1.3506755066722447,1,0.992
240,-1.5051202859239436,-1.3228756555322954,2.0018589969423446,-0.49947001653571804,-0.40024770163856355,-0.14158878271704234,1.760124772760805,-0.35164742851113623,-1.3506755066722447,1,0.8552
241,-0.3158191904301659,-1.3228756555322954,1.213747802478582,-0.49947001653571804,1.640039362811675,-0.10077252963143367,-0.5681415405746902,-0.35164742851113623,0.7403702777314525,0,0.1929
242,-1.5051202859239436,0.7559289460184545,1.213747802478582,0.6169923733676517,0.6198958305865556,1.7706290355871113,1.760124772760805,-0.35164742851113623,-1.3506755066722447,1,0.9066
243,0.873481905063612,0.7559289460184545,-0.2048523475561909,-0.49947001653571804,-0.40024770163856355,-0.49676647327636264,-0.5681415405746902,-0.35164742851113623,0.7403702777314525,1,0.9918
244,0.873481905063612,0.7559289460184545,-0.2048523475561909,0.6169923733676517,1.640039362811675,-0.2180709052503951,-0.5681415405746902,-0.35164742851113623,0.7403702777314525,0,0.2596
245,-1.5051202859239436,0.7559289460184545,0.8985033246930769,0.6169923733676517,-0.40024770163856355,0.2907443767761303,-0.5681415405746902,-0.35164742851113623,0.7403702777314525,1,0.9493
246,-0.3158191904301659,-1.3228756555322954,-0.5989079447880722,-0.49947001653571804,-0.40024770163856355,-0.2619458701765715,-0.5681415405746902,-0.35164742851113623,0.7403702777314525,1,0.9959
247,-0.3158191904301659,0.7559289460184545,0.9773144441394531,0.6169923733676517,0.6198958305865556,-0.05600215725778427,-0.5681415405746902,-0.35164742851113623,0.7403702777314525,1,0.7552
248,-0.3158191904301659,-1.3228756555322954,-0.04723010866343835,0.6169923733676517,-0.40024770163856355,-0.1724051254292727,-0.5681415405746902,-0.35164742851113623,0.7403702777314525,1,0.9745
249,0.873481905063612,-1.3228756555322954,-0.2048523475561909,0.6169923733676517,-0.40024770163856355,-0.3791690315699452,1.760124772760805,-0.35164742851113623,-1.3506755066722447,1,0.8599
250,-0.3158191904301659,-1.3228756555322954,-2.260246342717684,0.6169923733676517,1.640039362811675,-0.14106586476771812,-0.5681415405746902,-0.35164742851113623,0.7403702777314525,1,0.9756
251,0.873481905063612,0.7559289460184545,-0.7565301836808248,-0.49947001653571804,-0.40024770163856355,-0.49609491769075786,-0.5681415405746902,-0.35164742851113623,0.7403702777314525,1,0.9456
252,-1.5051202859239436,0.7559289460184545,-0.2048523475561909,0.6169923733676517,-0.40024770163856355,1.81144528867272,1.760124772760805,-0.35164742851113623,-1.3506755066722447,1,0.9886
253,0.873481905063612,0.7559289460184545,-0.4412857058953197,-0.49947001653571804,-0.40024770163856355,-0.4710235091615142,-0.5681415405746902,-0.35164742851113623,0.7403702777314525,0,0.3208
254,0.873481905063612,0.7559289460184545,0.2286088093988786,-0.49947001653571804,-0.40024770163856355,-0.4678895830953587,-0.5681415405746902,-0.35164742851113623,0.7403702777314525,0,0.256
255,0.873481905063612,0.7559289460184545,-0.2048523475561909,-0.49947001653571804,-0.40024770163856355,-0.5028104735468053,-0.5681415405746902,-0.35164742851113623,0.7403702777314525,1,0.9923
256,0.873481905063612,0.7559289460184545,-0.2048523475561909,-0.49947001653571804,-0.40024770163856355,-0.49922884375691334,-0.5681415405746902,2.8437574653509277,-1.3506755066722447,1,0.992
257,0.873481905063612,0.7559289460184545,-0.1260412281098146,-0.49947001653571804,-0.40024770163856355,-0.4938563990720754,-0.5681415405746902,-0.35164742851113623,0.7403702777314525,1,0.7825
258,-0.3158191904301659,-1.3228756555322954,-0.835341303127201,-0.49947001653571804,-0.40024770163856355,-0.4052110617722496,-0.5681415405746902,-0.35164742851113623,0.7403702777314525,1,0.9748
259,0.873481905063612,0.7559289460184545,-0.6777190642344485,-0.49947001653571804,-0.40024770163856355,-0.49878114003317686,-0.5681415405746902,-0.35164742851113623,0.7403702777314525,1,0.92
260,0.873481905063612,0.7559289460184545,0.5438532871843836,0.6169923733676517,-0.40024770163856355,-0.3264152063946267,-0.5681415405746902,-0.35164742851113623,0.7403702777314525,1,0.887
261,0.873481905063612,0.7559289460184545,-0.6777190642344485,-0.49947001653571804,-0.40024770163856355,-0.49736281463637966,-0.5681415405746902,-0.35164742851113623,0.7403702777314525,1,0.92
262,-0.3158191904301659,-1.3228756555322954,-0.04723010866343835,-0.49947001653571804,1.640039362811675,-0.22612957227765199,-0.5681415405746902,-0.35164742851113623,0.7403702777314525,1,0.9473
263,0.873481905063612,-1.3228756555322954,-2.253941453161974,0.6169923733676517,0.6198958305865556,-0.41983664701927337,-0.5681415405746902,-0.35164742851113623,0.7403702777314525,1,0.9348
264,-0.3158191904301659,0.7559289460184545,0.031581010782937916,-0.49947001653571804,-0.40024770163856355,-0.40991195087148274,1.760124772760805,-0.35164742851113623,-1.3506755066722447,1,0.9799
265,0.873481905063612,0.7559289460184545,-0.2048523475561909,-0.49947001653571804,-0.40024770163856355,-0.49661783564008205,-0.5681415405746902,-0.35164742851113623,0.7403702777314525,1,0.9918
266,-1.5051202859239436,0.7559289460184545,-0.2048523475561909,-0.49947001653571804,-0.40024770163856355,-0.6380169981152265,-0.5681415405746902,-0.35164742851113623,0.7403702777314525,1,0.995
267,0.873481905063612,0.7559289460184545,-0.2048523475561909,-0.49947001653571804,-0.40024770163856355,-0.5028104735468053,-0.5681415405746902,-0.35164742851113623,0.7403702777314525,1,0.9923
268,0.873481905063612,-1.3228756555322954,-0.2048523475561909,-0.49947001653571804,-0.40024770163856355,-0.4938563990720754,-0.5681415405746902,-0.35164742851113623,0.7403702777314525,1,0.9923
269,0.873481905063612,0.7559289460184545,-0.9929635420199536,-0.49947001653571804,-0.40024770163856355,-0.4828876578405313,-0.5681415405746902,-0.35164742851113623,0.7403702777314525,1,0.5771
270,-1.5051202859239436,0.7559289460184545,1.2925589219249582,-0.49947001653571804,-0.40024770163856355,0.7094225726953398,1.760124772760805,-0.35164742851113623,-1.3506755066722447,1,0.854
271,0.873481905063612,0.7559289460184545,-0.2048523475561909,-0.49947001653571804,-0.40024770163856355,-0.49922884375691334,-0.5681415405746902,2.8437574653509277,-1.3506755066722447,1,0.992
272,-1.5051202859239436,-1.3228756555322954,-0.28366346700256717,0.6169923733676517,-0.40024770163856355,1.81144528867272,1.760124772760805,-0.35164742851113623,-1.3506755066722447,1,0.9746
273,0.873481905063612,-1.3228756555322954,-0.2048523475561909,0.6169923733676517,-0.40024770163856355,-0.3604406893986002,-0.5681415405746902,2.8437574653509277,-1.3506755066722447,0,0.3433
274,0.873481905063612,0.7559289460184545,-0.2048523475561909,-0.49947001653571804,-0.40024770163856355,-0.5086306219553797,1.760124772760805,-0.35164742851113623,-1.3506755066722447,1,0.9923
275,-0.3158191904301659,-1.3228756555322954,-0.7565301836808248,0.6169923733676517,-0.40024770163856355,-0.1724051254292727,-0.5681415405746902,-0.35164742851113623,0.7403702777314525,1,0.9827
276,-0.3158191904301659,0.7559289460184545,-0.1260412281098146,-0.49947001653571804,-0.40024770163856355,-0.449981434145899,-0.5681415405746902,-0.35164742851113623,0.7403702777314525,1,0.9479
277,-0.3158191904301659,0.7559289460184545,0.8196922052467006,0.6169923733676517,-0.40024770163856355,-0.1724051254292727,-0.5681415405746902,-0.35164742851113623,0.7403702777314525,1,0.9273
278,-0.3158191904301659,0.7559289460184545,0.031581010782937916,0.6169923733676517,-0.40024770163856355,-0.2619458701765715,-0.5681415405746902,-0.35164742851113623,0.7403702777314525,1,0.9835
279,-0.3158191904301659,0.7559289460184545,-0.5989079447880722,-0.49947001653571804,-0.40024770163856355,-0.449981434145899,-0.5681415405746902,-0.35164742851113623,0.7403702777314525,1,0.9477
280,0.873481905063612,-1.3228756555322954,-0.520096825341696,-0.49947001653571804,-0.40024770163856355,-0.4828876578405313,-0.5681415405746902,-0.35164742851113623,0.7403702777314525,0,0.4459
281,0.873481905063612,0.7559289460184545,-2.273644233023568,0.6169923733676517,0.6198958305865556,-0.3913322463364183,-0.5681415405746902,-0.35164742851113623,0.7403702777314525,1,0.8305
282,0.873481905063612,-1.3228756555322954,-0.2048523475561909,-0.49947001653571804,-0.40024770163856355,-0.49922884375691334,-0.5681415405746902,2.8437574653509277,-1.3506755066722447,1,0.992
283,0.873481905063612,-1.3228756555322954,-1.6234524975909637,0.6169923733676517,0.6198958305865556,-0.3649929408615529,1.760124772760805,-0.35164742851113623,-1.3506755066722447,1,0.573
284,0.873481905063612,-1.3228756555322954,-2.1751303337155976,0.6169923733676517,0.6198958305865556,-0.2760485374742711,-0.5681415405746902,-0.35164742851113623,0.7403702777314525,1,0.9242
285,0.873481905063612,0.7559289460184545,0.5044477274611955,-0.49947001653571804,-0.40024770163856355,-0.5081829182316432,-0.5681415405746902,-0.35164742851113623,0.7403702777314525,0,0.2351
286,0.873481905063612,0.7559289460184545,-0.2048523475561909,-0.49947001653571804,-0.40024770163856355,-0.5081829182316432,-0.5681415405746902,-0.35164742851113623,0.7403702777314525,1,0.9923
287,-1.5051202859239436,0.7559289460184545,-0.4412857058953197,0.6169923733676517,-0.40024770163856355,0.8352273190652948,-0.5681415405746902,-0.35164742851113623,0.7403702777314525,1,0.9702
288,0.873481905063612,0.7559289460184545,-0.2048523475561909,-0.49947001653571804,-0.40024770163856355,-0.508555407729792,1.760124772760805,-0.35164742851113623,-1.3506755066722447,1,0.9923
289,0.873481905063612,0.7559289460184545,-0.2048523475561909,-0.49947001653571804,-0.40024770163856355,-0.4938563990720754,-0.5681415405746902,-0.35164742851113623,0.7403702777314525,1,0.9923
290,-1.5051202859239436,0.7559289460184545,-0.2048523475561909,-0.49947001653571804,-0.40024770163856355,0.07114570028338005,-0.5681415405746902,-0.35164742851113623,0.7403702777314525,1,0.9968
291,0.873481905063612,-1.3228756555322954,0.031581010782937916,-0.49947001653571804,-0.40024770163856355,-0.5135553629164812,-0.5681415405746902,2.8437574653509277,-1.3506755066722447,1,0.6682
292,0.873481905063612,0.7559289460184545,-0.2048523475561909,-0.49947001653571804,-0.40024770163856355,-0.508555407729792,1.760124772760805,-0.35164742851113623,-1.3506755066722447,1,0.9923
293,-1.5051202859239436,0.7559289460184545,1.8442367580495922,0.6169923733676517,0.6198958305865556,0.8279136310343354,-0.5681415405746902,-0.35164742851113623,0.7403702777314525,1,0.9175
294,0.873481905063612,0.7559289460184545,0.5044477274611955,-0.49947001653571804,-0.40024770163856355,-0.4678895830953587,-0.5681415405746902,-0.35164742851113623,0.7403702777314525,0,0.1245
295,0.873481905063612,0.7559289460184545,-0.28366346700256717,-0.49947001653571804,-0.40024770163856355,-0.49661783564008205,-0.5681415405746902,-0.35164742851113623,0.7403702777314525,1,0.9811
296,-0.3158191904301659,-1.3228756555322954,-2.253941453161974,0.6169923733676517,1.640039362811675,0.10658950868415079,1.760124772760805,-0.35164742851113623,-1.3506755066722447,1,0.9906
297,0.873481905063612,0.7559289460184545,-0.2048523475561909,1.7334547632710213,-0.40024770163856355,-0.24978265541009842,1.760124772760805,-0.35164742851113623,-1.3506755066722447,1,0.9189
298,-1.5051202859239436,0.7559289460184545,0.031581010782937916,-0.49947001653571804,-0.40024770163856355,0.17680377908519262,-0.5681415405746902,-0.35164742851113623,0.7403702777314525,1,0.903
299,0.873481905063612,0.7559289460184545,-0.04723010866343835,-0.49947001653571804,-0.40024770163856355,-0.49736281463637966,-0.5681415405746902,-0.35164742851113623,0.7403702777314525,1,0.8275
300,0.873481905063612,0.7559289460184545,0.18920324967569047,-0.49947001653571804,-0.40024770163856355,-0.49878114003317686,-0.5681415405746902,-0.35164742851113623,0.7403702777314525,1,0.6252
301,-0.3158191904301659,0.7559289460184545,-0.2048523475561909,-0.49947001653571804,-0.40024770163856355,-0.36857457065144483,1.760124772760805,-0.35164742851113623,-1.3506755066722447,1,0.9874
302,-0.3158191904301659,0.7559289460184545,1.0561255635858293,-0.49947001653571804,0.6198958305865556,-0.2619458701765715,-0.5681415405746902,-0.35164742851113623,0.7403702777314525,1,0.9224
303,0.873481905063612,0.7559289460184545,-0.4412857058953197,-0.49947001653571804,-0.40024770163856355,-0.4828876578405313,-0.5681415405746902,-0.35164742851113623,0.7403702777314525,0,0.4626
304,0.873481905063612,-1.3228756555322954,-0.2048523475561909,-0.49947001653571804,-0.40024770163856355,-0.49922884375691334,-0.5681415405746902,2.8437574653509277,-1.3506755066722447,1,0.992
305,-1.5051202859239436,-1.3228756555322954,2.7111590719597314,0.6169923733676517,0.6198958305865556,-0.16255564350706983,-0.5681415405746902,-0.35164742851113623,0.7403702777314525,1,0.8476
306,-1.5051202859239436,0.7559289460184545,0.031581010782937916,0.6169923733676517,1.640039362811675,2.0759629751754005,-0.5681415405746902,-0.35164742851113623,0.7403702777314525,1,0.9023
307,0.873481905063612,0.7559289460184545,-2.267339343467858,-0.49947001653571804,0.6198958305865556,-0.47057580543777766,-0.5681415405746902,-0.35164742851113623,0.7403702777314525,1,0.8714
308,-1.5051202859239436,0.7559289460184545,2.0018589969423446,0.6169923733676517,0.6198958305865556,1.036394928659261,-0.5681415405746902,-0.35164742851113623,0.7403702777314525,1,0.9616
309,0.873481905063612,-1.3228756555322954,1.213747802478582,0.6169923733676517,-0.40024770163856355,-0.3853634602915633,-0.5681415405746902,-0.35164742851113623,0.7403702777314525,0,0.465
310,0.873481905063612,0.7559289460184545,-0.9141524225735773,-0.49947001653571804,-0.40024770163856355,-0.4828876578405313,-0.5681415405746902,-0.35164742851113623,0.7403702777314525,1,0.6505
311,0.873481905063612,0.7559289460184545,-0.5989079447880722,-0.49947001653571804,-0.40024770163856355,-0.5086306219553797,1.760124772760805,-0.35164742851113623,-1.3506755066722447,1,0.9732
312,0.873481905063612,0.7559289460184545,-0.2048523475561909,-0.49947001653571804,-0.40024770163856355,-0.5023627698230688,-0.5681415405746902,-0.35164742851113623,0.7403702777314525,1,0.992
313,0.873481905063612,-1.3228756555322954,0.5832588469075718,-0.49947001653571804,-0.40024770163856355,-0.49922884375691334,-0.5681415405746902,2.8437574653509277,-1.3506755066722447,0,0.178
314,-1.5051202859239436,-1.3228756555322954,2.0018589969423446,-0.49947001653571804,-0.40024770163856355,1.7909243407915338,1.760124772760805,-0.35164742851113623,-1.3506755066722447,1,0.9677
315,0.873481905063612,-1.3228756555322954,-0.9929635420199536,-0.49947001653571804,-0.40024770163856355,-0.4995279098443693,-0.5681415405746902,2.8437574653509277,-1.3506755066722447,1,0.8052
316,-1.5051202859239436,0.7559289460184545,2.159481235835097,0.6169923733676517,-0.40024770163856355,1.9858993124787774,1.760124772760805,-0.35164742851113623,-1.3506755066722447,1,0.9872
317,-0.3158191904301659,0.7559289460184545,-0.835341303127201,-0.49947001653571804,-0.40024770163856355,-0.449981434145899,-0.5681415405746902,-0.35164742851113623,0.7403702777314525,1,0.9209
318,0.873481905063612,0.7559289460184545,-0.2048523475561909,-0.49947001653571804,-0.40024770163856355,-0.49736281463637966,-0.5681415405746902,-0.35164742851113623,0.7403702777314525,1,0.992
319,-0.3158191904301659,0.7559289460184545,-0.5989079447880722,1.7334547632710213,-0.40024770163856355,-0.07391030620724402,-0.5681415405746902,-0.35164742851113623,0.7403702777314525,1,0.9455
320,0.873481905063612,0.7559289460184545,-0.28366346700256717,-0.49947001653571804,-0.40024770163856355,-0.49878114003317686,-0.5681415405746902,-0.35164742851113623,0.7403702777314525,1,0.9814
321,0.873481905063612,0.7559289460184545,-0.3624745864489434,-0.49947001653571804,-0.40024770163856355,-0.508555407729792,1.760124772760805,-0.35164742851113623,-1.3506755066722447,1,0.9172
322,-0.3158191904301659,0.7559289460184545,-0.28366346700256717,-0.49947001653571804,-0.40024770163856355,-0.4052110617722496,-0.5681415405746902,-0.35164742851113623,0.7403702777314525,1,0.9823
323,-1.5051202859239436,0.7559289460184545,0.2680143691220667,-0.49947001653571804,-0.40024770163856355,-0.16255564350706983,-0.5681415405746902,-0.35164742851113623,0.7403702777314525,1,0.9636
324,-1.5051202859239436,-1.3228756555322954,0.7408810858003243,-0.49947001653571804,-0.40024770163856355,3.146646430491226,-0.5681415405746902,-0.35164742851113623,0.7403702777314525,1,0.984
325,0.873481905063612,0.7559289460184545,-0.520096825341696,-0.49947001653571804,-0.40024770163856355,-0.5117645480215351,-0.5681415405746902,-0.35164742851113623,0.7403702777314525,1,0.9488
326,-0.3158191904301659,-1.3228756555322954,-1.387019139251835,1.7334547632710213,0.6198958305865556,0.060400810913704174,-0.5681415405746902,-0.35164742851113623,0.7403702777314525,1,0.9868
327,-1.5051202859239436,0.7559289460184545,1.2925589219249582,-0.49947001653571804,-0.40024770163856355,0.7803083986819865,1.760124772760805,-0.35164742851113623,-1.3506755066722447,1,0.8343
328,-0.3158191904301659,0.7559289460184545,-0.04723010866343835,0.6169923733676517,-0.40024770163856355,-0.1724051254292727,-0.5681415405746902,-0.35164742851113623,0.7403702777314525,1,0.9745
329,-0.3158191904301659,0.7559289460184545,-0.6777190642344485,-0.49947001653571804,-0.40024770163856355,-0.4052110617722496,-0.5681415405746902,-0.35164742851113623,0.7403702777314525,1,0.9741
330,-0.3158191904301659,-1.3228756555322954,1.4501811608177106,-0.49947001653571804,1.640039362811675,0.02010747577741971,-0.5681415405746902,-0.35164742851113623,0.7403702777314525,1,0.7251
331,-1.5051202859239436,0.7559289460184545,0.7408810858003243,-0.49947001653571804,-0.40024770163856355,-0.10614497431627161,1.760124772760805,-0.35164742851113623,-1.3506755066722447,1,0.9721
332,0.873481905063612,0.7559289460184545,-0.2048523475561909,-0.49947001653571804,-0.40024770163856355,-0.5086306219553797,1.760124772760805,-0.35164742851113623,-1.3506755066722447,1,0.9923
333,0.873481905063612,-1.3228756555322954,-0.835341303127201,0.6169923733676517,0.6198958305865556,-0.35611228979751575,1.760124772760805,-0.35164742851113623,-1.3506755066722447,0,0.0748
334,0.873481905063612,0.7559289460184545,-0.2048523475561909,-0.49947001653571804,-0.40024770163856355,-0.49661783564008205,-0.5681415405746902,-0.35164742851113623,0.7403702777314525,1,0.9918
335,-1.5051202859239436,0.7559289460184545,0.031581010782937916,-0.49947001653571804,-0.40024770163856355,-0.1724051254292727,-0.5681415405746902,-0.35164742851113623,0.7403702777314525,1,0.9676
336,-0.3158191904301659,0.7559289460184545,0.18920324967569047,-0.49947001653571804,-0.40024770163856355,-0.4052110617722496,-0.5681415405746902,-0.35164742851113623,0.7403702777314525,1,0.9867
337,0.873481905063612,0.7559289460184545,0.7408810858003243,-0.49947001653571804,1.640039362811675,-0.508555407729792,1.760124772760805,-0.35164742851113623,-1.3506755066722447,0,0.0504
338,-0.3158191904301659,0.7559289460184545,-0.3624745864489434,-0.49947001653571804,-0.40024770163856355,-0.07391030620724402,-0.5681415405746902,-0.35164742851113623,0.7403702777314525,1,0.881
339,0.873481905063612,0.7559289460184545,-0.2048523475561909,-0.49947001653571804,-0.40024770163856355,-0.508555407729792,1.760124772760805,-0.35164742851113623,-1.3506755066722447,1,0.9923
340,-0.3158191904301659,0.7559289460184545,-0.9141524225735773,-0.49947001653571804,-0.40024770163856355,-0.449981434145899,-0.5681415405746902,-0.35164742851113623,0.7403702777314525,1,0.942
341,0.873481905063612,0.7559289460184545,0.18920324967569047,-0.49947001653571804,-0.40024770163856355,-0.5022875555974811,-0.5681415405746902,-0.35164742851113623,0.7403702777314525,1,0.6252
342,0.873481905063612,0.7559289460184545,-0.2048523475561909,0.6169923733676517,8.781044088387508,0.6074947613196998,-0.5681415405746902,-0.35164742851113623,0.7403702777314525,1,0.6923
343,-1.5051202859239436,-1.3228756555322954,2.2382923552814735,-0.49947001653571804,0.6198958305865556,8.536850626642334,1.760124772760805,-0.35164742851113623,-1.3506755066722447,1,0.8767
344,0.873481905063612,0.7559289460184545,-0.2048523475561909,0.6169923733676517,0.6198958305865556,-0.37834883834805993,-0.5681415405746902,-0.35164742851113623,0.7403702777314525,1,0.7336
345,0.873481905063612,-1.3228756555322954,-1.07177466146633,-0.49947001653571804,-0.40024770163856355,-0.5010196586518594,-0.5681415405746902,-0.35164742851113623,0.7403702777314525,1,0.8708
346,-0.3158191904301659,0.7559289460184545,-0.28366346700256717,-0.49947001653571804,-0.40024770163856355,-0.4052110617722496,-0.5681415405746902,-0.35164742851113623,0.7403702777314525,1,0.9823
347,0.873481905063612,-1.3228756555322954,0.6620699663539481,-0.49947001653571804,-0.40024770163856355,-0.508555407729792,1.760124772760805,-0.35164742851113623,-1.3506755066722447,0,0.1131
348,-0.3158191904301659,0.7559289460184545,-0.4412857058953197,-0.49947001653571804,-0.40024770163856355,-0.3962569872975197,-0.5681415405746902,-0.35164742851113623,0.7403702777314525,1,0.9732
349,-0.3158191904301659,-1.3228756555322954,0.11039213022931418,-0.49947001653571804,-0.40024770163856355,-0.2619458701765715,-0.5681415405746902,-0.35164742851113623,0.7403702777314525,1,0.9925
350,-1.5051202859239436,-1.3228756555322954,1.213747802478582,-0.49947001653571804,0.6198958305865556,0.49661287546932986,1.760124772760805,-0.35164742851113623,-1.3506755066722447,1,0.9568
351,-0.3158191904301659,0.7559289460184545,-0.3624745864489434,-0.49947001653571804,-0.40024770163856355,-0.449981434145899,-0.5681415405746902,-0.35164742851113623,0.7403702777314525,1,0.7283
352,-0.3158191904301659,0.7559289460184545,-0.9141524225735773,-0.49947001653571804,-0.40024770163856355,0.6782319496700658,-0.5681415405746902,-0.35164742851113623,0.7403702777314525,1,0.9784
353,-0.3158191904301659,0.7559289460184545,1.528992280264087,0.6169923733676517,1.640039362811675,0.5260126835996579,-0.5681415405746902,-0.35164742851113623,0.7403702777314525,1,0.9677
354,0.873481905063612,-1.3228756555322954,-2.319354682302466,0.6169923733676517,1.640039362811675,-0.2695568334800919,-0.5681415405746902,-0.35164742851113623,0.7403702777314525,1,0.9286
355,-1.5051202859239436,0.7559289460184545,1.6078033997104633,-0.49947001653571804,-0.40024770163856355,-0.1724051254292727,-0.5681415405746902,-0.35164742851113623,0.7403702777314525,1,0.9186
356,-1.5051202859239436,-1.3228756555322954,2.31710347472785,1.7334547632710213,-0.40024770163856355,0.2838801832838024,-0.5681415405746902,-0.35164742851113623,0.7403702777314525,1,0.9227
357,0.873481905063612,0.7559289460184545,-0.2048523475561909,-0.49947001653571804,-0.40024770163856355,-0.4969151109126431,-0.5681415405746902,-0.35164742851113623,0.7403702777314525,1,0.9918
358,0.873481905063612,0.7559289460184545,-0.2048523475561909,-0.49947001653571804,-0.40024770163856355,-0.49922884375691334,-0.5681415405746902,2.8437574653509277,-1.3506755066722447,1,0.992
359,0.873481905063612,-1.3228756555322954,0.031581010782937916,0.6169923733676517,-0.40024770163856355,-0.35954528195112717,-0.5681415405746902,-0.35164742851113623,0.7403702777314525,0,0.119
360,0.873481905063612,0.7559289460184545,-1.1899913406358942,8.43222910269124,1.640039362811675,0.6074947613196998,-0.5681415405746902,-0.35164742851113623,0.7403702777314525,0,0.2923
361,-0.3158191904301659,-1.3228756555322954,-0.4412857058953197,0.6169923733676517,0.6198958305865556,0.024659727240372336,1.760124772760805,-0.35164742851113623,-1.3506755066722447,1,0.9846
362,-0.3158191904301659,-1.3228756555322954,0.11039213022931418,-0.49947001653571804,-0.40024770163856355,-0.2619458701765715,-0.5681415405746902,-0.35164742851113623,0.7403702777314525,1,0.9925
363,0.873481905063612,0.7559289460184545,-0.2048523475561909,-0.49947001653571804,-0.40024770163856355,-0.4828876578405313,-0.5681415405746902,-0.35164742851113623,0.7403702777314525,1,0.8565
364,-1.5051202859239436,-1.3228756555322954,-0.3624745864489434,0.6169923733676517,-0.40024770163856355,0.35484122349603664,1.760124772760805,-0.35164742851113623,-1.3506755066722447,1,0.9543
365,0.873481905063612,-1.3228756555322954,-0.2048523475561909,0.6169923733676517,8.781044088387508,0.6074947613196998,-0.5681415405746902,-0.35164742851113623,0.7403702777314525,1,0.6923
366,0.873481905063612,0.7559289460184545,-0.2048523475561909,0.6169923733676517,-0.40024770163856355,-0.3790956081592524,1.760124772760805,-0.35164742851113623,-1.3506755066722447,1,0.8599
367,0.873481905063612,-1.3228756555322954,-0.5989079447880722,-0.49947001653571804,-0.40024770163856355,0.07271266331645776,-0.5681415405746902,-0.35164742851113623,0.7403702777314525,1,0.9398
368,-1.5051202859239436,-1.3228756555322954,1.213747802478582,-0.49947001653571804,0.6198958305865556,0.42572704948268325,1.760124772760805,-0.35164742851113623,-1.3506755066722447,1,0.8912
369,-0.3158191904301659,0.7559289460184545,-0.04723010866343835,-0.49947001653571804,-0.40024770163856355,-0.3898404975289283,1.760124772760805,-0.35164742851113623,-1.3506755066722447,1,0.9723
370,-0.3158191904301659,0.7559289460184545,-0.6777190642344485,0.6169923733676517,-0.40024770163856355,-0.4320732851964392,-0.5681415405746902,-0.35164742851113623,0.7403702777314525,1,0.9605
371,-1.5051202859239436,-1.3228756555322954,0.11039213022931418,-0.49947001653571804,-0.40024770163856355,1.7706290355871113,1.760124772760805,-0.35164742851113623,-1.3506755066722447,1,0.9768
372,-1.5051202859239436,0.7559289460184545,1.528992280264087,-0.49947001653571804,-0.40024770163856355,-0.6380169981152265,-0.5681415405746902,-0.35164742851113623,0.7403702777314525,1,0.5941
373,-0.3158191904301659,0.7559289460184545,1.1349366830322056,-0.49947001653571804,-0.40024770163856355,-0.4052110617722496,-0.5681415405746902,-0.35164742851113623,0.7403702777314525,1,0.8169
374,-1.5051202859239436,-1.3228756555322954,1.9230478774959683,0.6169923733676517,0.6198958305865556,0.8279136310343354,-0.5681415405746902,-0.35164742851113623,0.7403702777314525,1,0.9175
375,-1.5051202859239436,-1.3228756555322954,1.213747802478582,-0.49947001653571804,-0.40024770163856355,4.060633582499278,1.760124772760805,-0.35164742851113623,-1.3506755066722447,1,0.9545
376,0.873481905063612,-1.3228756555322954,-0.5989079447880722,1.7334547632710213,-0.40024770163856355,-0.4828876578405313,-0.5681415405746902,-0.35164742851113623,0.7403702777314525,1,0.7426
377,-0.3158191904301659,0.7559289460184545,-0.6777190642344485,-0.49947001653571804,-0.40024770163856355,-0.4320732851964392,-0.5681415405746902,-0.35164742851113623,0.7403702777314525,1,0.9417
378,-1.5051202859239436,0.7559289460184545,2.0018589969423446,-0.49947001653571804,-0.40024770163856355,0.2573904493577615,-0.5681415405746902,-0.35164742851113623,0.7403702777314525,1,0.8257
379,0.873481905063612,0.7559289460184545,-1.938696975376469,3.966379543077761,1.640039362811675,-0.07592497296405826,-0.5681415405746902,-0.35164742851113623,0.7403702777314525,0,0.075
380,0.873481905063612,0.7559289460184545,-0.2048523475561909,-0.49947001653571804,-0.40024770163856355,-0.49922884375691334,-0.5681415405746902,2.8437574653509277,-1.3506755066722447,1,0.992
381,0.873481905063612,0.7559289460184545,-0.28366346700256717,-0.49947001653571804,-0.40024770163856355,-0.4969151109126431,-0.5681415405746902,2.8437574653509277,-1.3506755066722447,1,0.9811
382,0.873481905063612,-1.3228756555322954,-0.2048523475561909,-0.49947001653571804,-0.40024770163856355,-0.37834883834805993,-0.5681415405746902,-0.35164742851113623,0.7403702777314525,1,0.9324
383,0.873481905063612,-1.3228756555322954,-0.835341303127201,0.6169923733676517,-0.40024770163856355,-0.3496958000289243,-0.5681415405746902,-0.35164742851113623,0.7403702777314525,0,0.0475
384,-0.3158191904301659,0.7559289460184545,-0.2048523475561909,-0.49947001653571804,-0.40024770163856355,-0.40744958039093204,-0.5681415405746902,-0.35164742851113623,0.7403702777314525,1,0.9941
385,-0.3158191904301659,-1.3228756555322954,-0.4412857058953197,0.6169923733676517,1.640039362811675,0.5260126835996579,-0.5681415405746902,-0.35164742851113623,0.7403702777314525,1,0.9907
386,0.873481905063612,0.7559289460184545,-0.4412857058953197,-0.49947001653571804,-0.40024770163856355,-0.49878114003317686,-0.5681415405746902,-0.35164742851113623,0.7403702777314525,1,0.9549
387,-0.3158191904301659,0.7559289460184545,2.159481235835097,-0.49947001653571804,-0.40024770163856355,-0.4052110617722496,-0.5681415405746902,-0.35164742851113623,0.7403702777314525,1,0.8225
388,0.873481905063612,0.7559289460184545,-0.6777190642344485,-0.49947001653571804,-0.40024770163856355,-0.49922884375691334,-0.5681415405746902,2.8437574653509277,-1.3506755066722447,1,0.92
389,0.873481905063612,0.7559289460184545,-1.8598858559300926,2.8499171531743914,0.6198958305865556,-0.26060275900536206,-0.5681415405746902,-0.35164742851113623,0.7403702777314525,1,0.9094
390,-1.5051202859239436,0.7559289460184545,-0.520096825341696,-0.49947001653571804,-0.40024770163856355,1.036394928659261,-0.5681415405746902,-0.35164742851113623,0.7403702777314525,1,0.9892
391,-1.5051202859239436,-1.3228756555322954,1.6866145191568396,-0.49947001653571804,0.6198958305865556,0.06756407049348805,-0.5681415405746902,-0.35164742851113623,0.7403702777314525,1,0.9114
392,0.873481905063612,0.7559289460184545,-1.3082080198054586,-0.49947001653571804,1.640039362811675,-0.27537698188866633,-0.5681415405746902,-0.35164742851113623,0.7403702777314525,1,0.8677
393,-0.3158191904301659,0.7559289460184545,1.3713700413713346,-0.49947001653571804,-0.40024770163856355,-0.449981434145899,-0.5681415405746902,-0.35164742851113623,0.7403702777314525,1,0.6304
394,0.873481905063612,0.7559289460184545,-0.04723010866343835,2.8499171531743914,0.6198958305865556,-0.24359001750337528,-0.5681415405746902,-0.35164742851113623,0.7403702777314525,1,0.558
395,-1.5051202859239436,-1.3228756555322954,-0.9141524225735773,0.6169923733676517,-0.40024770163856355,0.43647193885235913,-0.5681415405746902,-0.35164742851113623,0.7403702777314525,1,0.9899
396,0.873481905063612,0.7559289460184545,-0.4412857058953197,-0.49947001653571804,-0.40024770163856355,-0.5081829182316432,-0.5681415405746902,2.8437574653509277,-1.3506755066722447,1,0.9568
397,-1.5051202859239436,-1.3228756555322954,1.4501811608177106,0.6169923733676517,0.6198958305865556,0.7803083986819865,1.760124772760805,-0.35164742851113623,-1.3506755066722447,1,0.934
398,0.873481905063612,0.7559289460184545,-0.5989079447880722,-0.49947001653571804,-0.40024770163856355,-0.49878114003317686,-0.5681415405746902,-0.35164742851113623,0.7403702777314525,1,0.972
399,0.873481905063612,0.7559289460184545,0.11039213022931418,-0.49947001653571804,-0.40024770163856355,-0.4995279098443693,-0.5681415405746902,2.8437574653509277,-1.3506755066722447,1,0.651
400,-1.5051202859239436,-1.3228756555322954,0.031581010782937916,-0.49947001653571804,-0.40024770163856355,2.314440422290671,-0.5681415405746902,-0.35164742851113623,0.7403702777314525,1,0.976
401,-0.3158191904301659,0.7559289460184545,0.6620699663539481,0.6169923733676517,-0.40024770163856355,-0.2619458701765715,-0.5681415405746902,-0.35164742851113623,0.7403702777314525,1,0.9499
402,-1.5051202859239436,-1.3228756555322954,-0.5989079447880722,-0.49947001653571804,0.6198958305865556,0.42572704948268325,1.760124772760805,-0.35164742851113623,-1.3506755066722447,1,0.9933
403,-1.5051202859239436,0.7559289460184545,-0.9929635420199536,-0.49947001653571804,-0.40024770163856355,0.20545681740432825,-0.5681415405746902,-0.35164742851113623,0.7403702777314525,1,0.8834
404,-1.5051202859239436,0.7559289460184545,1.0561255635858293,0.6169923733676517,-0.40024770163856355,-0.14158878271704234,1.760124772760805,-0.35164742851113623,-1.3506755066722447,1,0.9063
405,-0.3158191904301659,0.7559289460184545,-0.7565301836808248,-0.49947001653571804,-0.40024770163856355,-0.38976528330334054,1.760124772760805,-0.35164742851113623,-1.3506755066722447,1,0.9639
406,-0.3158191904301659,0.7559289460184545,-0.520096825341696,0.6169923733676517,-0.40024770163856355,-0.449981434145899,-0.5681415405746902,-0.35164742851113623,0.7403702777314525,1,0.9211
407,-1.5051202859239436,0.7559289460184545,1.6078033997104633,0.6169923733676517,0.6198958305865556,3.149556504695513,1.760124772760805,-0.35164742851113623,-1.3506755066722447,1,0.9464
408,0.873481905063612,-1.3228756555322954,-0.2048523475561909,-0.49947001653571804,-0.40024770163856355,-0.49975176170623753,-0.5681415405746902,2.8437574653509277,-1.3506755066722447,1,0.992
409,0.873481905063612,-1.3228756555322954,-2.0963192142692213,0.6169923733676517,0.6198958305865556,-0.3913322463364183,-0.5681415405746902,-0.35164742851113623,0.7403702777314525,1,0.8305
410,0.873481905063612,-1.3228756555322954,-0.2048523475561909,-0.49947001653571804,-0.40024770163856355,-0.49922884375691334,-0.5681415405746902,2.8437574653509277,-1.3506755066722447,1,0.992
411,-1.5051202859239436,-1.3228756555322954,0.5832588469075718,0.6169923733676517,-0.40024770163856355,0.973716407336152,-0.5681415405746902,2.8437574653509277,-1.3506755066722447,1,0.991
412,0.873481905063612,-1.3228756555322954,-0.1260412281098146,-0.49947001653571804,-0.40024770163856355,-0.49878114003317686,-0.5681415405746902,-0.35164742851113623,0.7403702777314525,1,0.7763
413,0.873481905063612,0.7559289460184545,-0.2048523475561909,-0.49947001653571804,-0.40024770163856355,-0.4938563990720754,-0.5681415405746902,-0.35164742851113623,0.7403702777314525,1,0.9923
414,-1.5051202859239436,-1.3228756555322954,0.7408810858003243,-0.49947001653571804,-0.40024770163856355,1.3121804224809415,1.760124772760805,-0.35164742851113623,-1.3506755066722447,1,0.9859
415,0.873481905063612,0.7559289460184545,0.7014755260771361,-0.49947001653571804,-0.40024770163856355,-0.5081829182316432,-0.5681415405746902,-0.35164742851113623,0.7403702777314525,0,0.1024
416,0.873481905063612,0.7559289460184545,-0.2048523475561909,-0.49947001653571804,-0.40024770163856355,-0.4938563990720754,-0.5681415405746902,-0.35164742851113623,0.7403702777314525,1,0.9923
417,0.873481905063612,0.7559289460184545,-0.2048523475561909,0.6169923733676517,0.6198958305865556,-0.23762123145852032,1.760124772760805,-0.35164742851113623,-1.3506755066722447,1,0.8309
